{"schemaVersion":"1.0","appDefinitionTemplate":{"id":"/providers/Microsoft.PowerApps/apps/","type":"Microsoft.PowerApps/apps","tags":{"primaryDeviceWidth":"1366","primaryDeviceHeight":"768","supportsPortrait":"true","supportsLandscape":"true","primaryFormFactor":"Tablet","publisherVersion":"3.22082.8","minimumRequiredApiVersion":"2.2.0","hasComponent":"false","hasUnlockedComponent":"false","isUnifiedRootApp":"false","sienaVersion":"20220818T114642Z-3.22082.8.0"},"properties":{"appVersion":"2022-08-18T11:46:42Z","lifeCycleId":"Published","createdByClientVersion":{"major":3,"minor":22082,"build":8,"revision":0,"majorRevision":0,"minorRevision":0},"minClientVersion":{"major":3,"minor":22082,"build":8,"revision":0,"majorRevision":0,"minorRevision":0},"backgroundColor":"RGBA(0,176,240,1)","backgroundImageUri":"/16274417693261060867/N032f5330-b419-4033-90f9-27c5ea4f8e0d-logoSmallFile","displayName":"vTrackerApp","description":"","commitMessage":"","appUris":{"documentUri":{"value":"/16274417693261060867/N8e38338a-18de-45bf-b1f4-7ffa8332418f-document.msapp"},"imageUris":[],"additionalUris":[]},"createdTime":"0001-01-01T00:00:00Z","lastModifiedTime":"0001-01-01T00:00:00Z","sharedGroupsCount":0,"sharedUsersCount":0,"icons":{"smallIconUri":"/16274417693261060867/N67152ceb-a10a-4d4e-9573-e1a91d77e0a4-small.png","mediumIconUri":"/16274417693261060867/N2abe8b14-afb1-44a7-aa24-d42f84f60948-medium.png","largeIconUri":"/16274417693261060867/N3940c874-0dd2-4799-80ec-08de5a088713-large.png","wideIconUri":"/16274417693261060867/N8d94de95-6f4f-4b21-95b5-255c96330b3c-wide.png"},"connectionReferences":{"199aac10-69c1-4734-80bc-2226c3a9845e":{"id":"bafd126e-6346-4a5e-bdff-02042af5c841","displayName":"SharePoint","iconUri":"https://connectoricons-prod.azureedge.net/releases/v1.0.1591/1.0.1591.2961/sharepointonline/icon.png","dataSources":["vTracker"],"dependencies":[],"dependents":[],"parameterHints":{},"parameterHintsV2":{},"isOnPremiseConnection":false,"bypassConsent":false,"dataSets":{"https://azatechcoin.sharepoint.com/sites/VaccinationTracker":{"dataSources":{"vTracker":{"tableName":"f7bec8cf-8e83-44e7-bf2a-40cfcd73120a"}}}},"apiTier":"Standard","isCustomApiConnection":false,"actions":["providers/PowerPlatform.Governance/Operations/Read","providers/PowerPlatform.Governance/Operations/Write"]}},"databaseReferences":{},"almMode":"Environment","performanceOptimizationEnabled":true,"canConsumeAppPass":true,"enableModernRuntimeMode":false,"executionRestrictions":{"isTeamsOnly":false,"dataLossPreventionEvaluationResult":{"status":"Compliant","lastEvaluationDate":"2022-08-18T10:26:08.6538667Z","violations":[],"violationsByPolicy":[],"violationErrorMessage":"The app uses the following connectors: shared_sharepointonline."}}},"appType":"ClassicCanvasApp","appComponents":[]}}