<ImportExportXml version="9.2.22085.166" SolutionPackageVersion="9.2" languagecode="1033" generatedBy="CrmLive" xmlns:xsi="http://www.w3.org/2001/XMLSchema-instance">
  <SolutionManifest>
    <UniqueName>DentXMaxillofacialHospital</UniqueName>
    <LocalizedNames>
      <LocalizedName description="Dent-X Maxillofacial Hospital" languagecode="1033" />
    </LocalizedNames>
    <Descriptions />
    <Version>1.0.0.4</Version>
    <Managed>0</Managed>
    <Publisher>
      <UniqueName>DeepakPublisher</UniqueName>
      <LocalizedNames>
        <LocalizedName description="Deepak Publisher" languagecode="1033" />
      </LocalizedNames>
      <Descriptions />
      <EMailAddress xsi:nil="true"></EMailAddress>
      <SupportingWebsiteUrl xsi:nil="true"></SupportingWebsiteUrl>
      <CustomizationPrefix>mr</CustomizationPrefix>
      <CustomizationOptionValuePrefix>12469</CustomizationOptionValuePrefix>
      <Addresses>
        <Address>
          <AddressNumber>1</AddressNumber>
          <AddressTypeCode>1</AddressTypeCode>
          <City xsi:nil="true"></City>
          <County xsi:nil="true"></County>
          <Country xsi:nil="true"></Country>
          <Fax xsi:nil="true"></Fax>
          <FreightTermsCode xsi:nil="true"></FreightTermsCode>
          <ImportSequenceNumber xsi:nil="true"></ImportSequenceNumber>
          <Latitude xsi:nil="true"></Latitude>
          <Line1 xsi:nil="true"></Line1>
          <Line2 xsi:nil="true"></Line2>
          <Line3 xsi:nil="true"></Line3>
          <Longitude xsi:nil="true"></Longitude>
          <Name xsi:nil="true"></Name>
          <PostalCode xsi:nil="true"></PostalCode>
          <PostOfficeBox xsi:nil="true"></PostOfficeBox>
          <PrimaryContactName xsi:nil="true"></PrimaryContactName>
          <ShippingMethodCode>1</ShippingMethodCode>
          <StateOrProvince xsi:nil="true"></StateOrProvince>
          <Telephone1 xsi:nil="true"></Telephone1>
          <Telephone2 xsi:nil="true"></Telephone2>
          <Telephone3 xsi:nil="true"></Telephone3>
          <TimeZoneRuleVersionNumber xsi:nil="true"></TimeZoneRuleVersionNumber>
          <UPSZone xsi:nil="true"></UPSZone>
          <UTCOffset xsi:nil="true"></UTCOffset>
          <UTCConversionTimeZoneCode xsi:nil="true"></UTCConversionTimeZoneCode>
        </Address>
        <Address>
          <AddressNumber>2</AddressNumber>
          <AddressTypeCode>1</AddressTypeCode>
          <City xsi:nil="true"></City>
          <County xsi:nil="true"></County>
          <Country xsi:nil="true"></Country>
          <Fax xsi:nil="true"></Fax>
          <FreightTermsCode xsi:nil="true"></FreightTermsCode>
          <ImportSequenceNumber xsi:nil="true"></ImportSequenceNumber>
          <Latitude xsi:nil="true"></Latitude>
          <Line1 xsi:nil="true"></Line1>
          <Line2 xsi:nil="true"></Line2>
          <Line3 xsi:nil="true"></Line3>
          <Longitude xsi:nil="true"></Longitude>
          <Name xsi:nil="true"></Name>
          <PostalCode xsi:nil="true"></PostalCode>
          <PostOfficeBox xsi:nil="true"></PostOfficeBox>
          <PrimaryContactName xsi:nil="true"></PrimaryContactName>
          <ShippingMethodCode>1</ShippingMethodCode>
          <StateOrProvince xsi:nil="true"></StateOrProvince>
          <Telephone1 xsi:nil="true"></Telephone1>
          <Telephone2 xsi:nil="true"></Telephone2>
          <Telephone3 xsi:nil="true"></Telephone3>
          <TimeZoneRuleVersionNumber xsi:nil="true"></TimeZoneRuleVersionNumber>
          <UPSZone xsi:nil="true"></UPSZone>
          <UTCOffset xsi:nil="true"></UTCOffset>
          <UTCConversionTimeZoneCode xsi:nil="true"></UTCConversionTimeZoneCode>
        </Address>
      </Addresses>
    </Publisher>
    <RootComponents>
      <RootComponent type="1" schemaName="mr_billing" behavior="0" />
      <RootComponent type="1" schemaName="mr_bpf_dentxapp" behavior="1" />
      <RootComponent type="1" schemaName="mr_carrier" behavior="0" />
      <RootComponent type="1" schemaName="mr_facility" behavior="0" />
      <RootComponent type="1" schemaName="mr_hospitalpatient" behavior="0" />
      <RootComponent type="1" schemaName="mr_staff" behavior="0" />
      <RootComponent type="9" schemaName="mr_dutytime" behavior="0" />
      <RootComponent type="9" schemaName="mr_staffdepartment" behavior="0" />
      <RootComponent type="9" schemaName="mr_staffspeciality" behavior="0" />
      <RootComponent type="9" schemaName="mr_wardtype" behavior="0" />
      <RootComponent type="29" id="{3cec1841-3431-ed11-9db0-6045bdac4964}" behavior="0" />
      <RootComponent type="60" id="{07f9346e-5c33-ed11-9db1-6045bdac4964}" behavior="0" />
      <RootComponent type="60" id="{758b257f-fa33-ed11-9db1-6045bdac4964}" behavior="0" />
      <RootComponent type="62" schemaName="mr_DentXApp" behavior="0" />
      <RootComponent type="80" schemaName="mr_DentXApp" behavior="0" />
      <RootComponent type="300" schemaName="mr_dentxlandingpage_1e4a8" behavior="0" />
    </RootComponents>
    <MissingDependencies>
      <MissingDependency>
        <Required type="1" schemaName="mr_bpf_dentxapp" displayName="BPF_DentXApp" solution="Active" />
        <Dependent type="1" schemaName="mr_bpf_dentxapp" displayName="BPF_DentXApp" />
      </MissingDependency>
      <MissingDependency>
        <Required type="29" displayName="BPF_flow" solution="Active" id="{80a042fb-e929-ed11-9db2-000d3af0943b}" />
        <Dependent type="29" displayName="BPF_DentXApp" id="{3cec1841-3431-ed11-9db0-6045bdac4964}" />
      </MissingDependency>
      <MissingDependency>
        <Required type="29" displayName="tryInsurance" solution="Active" id="{b0df043d-18ad-4879-9f34-c3b06d35ec54}" />
        <Dependent type="29" displayName="BPF_DentXApp" id="{3cec1841-3431-ed11-9db0-6045bdac4964}" />
      </MissingDependency>
      <MissingDependency>
        <Required type="61" schemaName="msdyn_/Images/AppModule_Default_Icon.png" displayName="msdyn_/Images/AppModule_Default_Icon.png" solution="AppModuleWebResources (2.5)" />
        <Dependent type="80" schemaName="mr_DentXApp" displayName="Dent-X App" />
      </MissingDependency>
      <MissingDependency>
        <Required type="9" schemaName="mr_gender" displayName="gender" solution="Active" />
        <Dependent type="2" schemaName="mr_gender" displayName="Gender" parentSchemaName="mr_hospitalpatient" parentDisplayName="Hospital Patient" />
      </MissingDependency>
    </MissingDependencies>
  </SolutionManifest>
</ImportExportXml>