{"name":"87840e09-8c78-4966-bd4a-af840ab1b4b8","id":"/providers/Microsoft.Flow/flows/87840e09-8c78-4966-bd4a-af840ab1b4b8","type":"Microsoft.Flow/flows","properties":{"apiId":"/providers/Microsoft.PowerApps/apis/shared_logicflows","displayName":"LeaveTracker Flow","definition":{"metadata":{"workflowEntityId":null,"processAdvisorMetadata":null,"flowclientsuspensionreason":"None","flowclientsuspensiontime":null,"flowclientsuspensionreasondetails":null,"creator":{"id":"274b4967-1268-4f8e-95fc-18de20512ea3","type":"User","tenantId":"5cbc99d1-075e-476c-9122-d33ef633f1dc"},"provisioningMethod":"FromDefinition","failureAlertSubscription":true,"clientLastModifiedTime":"2022-08-20T11:11:47.2071715Z"},"$schema":"https://schema.management.azure.com/providers/Microsoft.Logic/schemas/2016-06-01/workflowdefinition.json#","contentVersion":"1.0.0.0","parameters":{"$connections":{"defaultValue":{},"type":"Object"},"$authentication":{"defaultValue":{},"type":"SecureObject"}},"triggers":{"When_an_item_is_created":{"recurrence":{"frequency":"Minute","interval":1},"splitOn":"@triggerOutputs()?['body/value']","metadata":{"operationMetadataId":"272a71c3-1728-465a-8659-0dabecbaba5c"},"type":"OpenApiConnection","inputs":{"host":{"apiId":"/providers/Microsoft.PowerApps/apis/shared_sharepointonline","connectionName":"shared_sharepointonline","operationId":"GetOnNewItems"},"parameters":{"dataset":"https://azatechcoin.sharepoint.com/sites/LeaveTrackingAutomation","table":"a9d64a3c-17b4-4bdc-af0a-1b52c8ab36f2"},"authentication":"@parameters('$authentication')"}}},"actions":{"Start_and_wait_for_an_approval":{"runAfter":{},"metadata":{"operationMetadataId":"0c7bccd4-168b-4bd2-a8c2-df4dd892f4ce"},"type":"OpenApiConnectionWebhook","inputs":{"host":{"apiId":"/providers/Microsoft.PowerApps/apis/shared_approvals","connectionName":"shared_approvals","operationId":"StartAndWaitForAnApproval"},"parameters":{"approvalType":"BasicAwaitAll","WebhookApprovalCreationInput/title":"Needs to approve the employee leave","WebhookApprovalCreationInput/assignedTo":"@{triggerOutputs()?['body/ProjectManager/Email']};","WebhookApprovalCreationInput/details":"Hello @{triggerOutputs()?['body/ProjectManager/DisplayName']}\n\nKindly provide the consent on the employee leave either approve or reject it. \n\nEmployee details are:\nEmployee Id and Name : @{concat(triggerOutputs()?['body/Title'], triggerOutputs()?['body/FullName'])} \nLeave from  @{triggerOutputs()?['body/From']}  to  @{triggerOutputs()?['body/To']}\nLeave type:  @{triggerOutputs()?['body/Leavetype/Value']}\nLeave Reason:  @{triggerOutputs()?['body/LeaveReason']}\nCurrent status:  @{triggerOutputs()?['body/Status/Value']}\n\n\nThanks & Regards\nHR Team","WebhookApprovalCreationInput/enableNotifications":true,"WebhookApprovalCreationInput/enableReassignment":true},"authentication":"@parameters('$authentication')"}},"Switch":{"runAfter":{"Start_and_wait_for_an_approval":["Succeeded"]},"cases":{"Case":{"case":"Approve","actions":{"Apply_to_each_2":{"foreach":"@outputs('Start_and_wait_for_an_approval')?['body/responses']","actions":{"Update_item_2":{"runAfter":{},"type":"OpenApiConnection","inputs":{"host":{"apiId":"/providers/Microsoft.PowerApps/apis/shared_sharepointonline","connectionName":"shared_sharepointonline","operationId":"PatchItem"},"parameters":{"dataset":"https://azatechcoin.sharepoint.com/sites/LeaveTrackingAutomation","table":"a9d64a3c-17b4-4bdc-af0a-1b52c8ab36f2","id":"@triggerOutputs()?['body/ID']","item/Title":"@outputs('Start_and_wait_for_an_approval')?['body/title']","item/FullName":"@triggerOutputs()?['body/FullName']","item/From":"@triggerOutputs()?['body/From']","item/To":"@triggerOutputs()?['body/To']","item/LeaveReason":"@triggerOutputs()?['body/LeaveReason']","item/Status/Value":"Pending with Group Head","item/Remark":"@items('Apply_to_each_2')?['comments']"},"authentication":"@parameters('$authentication')"}},"Switch_2":{"runAfter":{"Start_and_wait_for_an_approval_2":["Succeeded"]},"cases":{"Case":{"case":"Approve","actions":{"Apply_to_each_4":{"foreach":"@outputs('Start_and_wait_for_an_approval')?['body/responses']","actions":{"Apply_to_each_5":{"foreach":"@outputs('Start_and_wait_for_an_approval_2')?['body/responses']","actions":{"Update_item_4":{"runAfter":{},"type":"OpenApiConnection","inputs":{"host":{"apiId":"/providers/Microsoft.PowerApps/apis/shared_sharepointonline","connectionName":"shared_sharepointonline","operationId":"PatchItem"},"parameters":{"dataset":"https://azatechcoin.sharepoint.com/sites/LeaveTrackingAutomation","table":"a9d64a3c-17b4-4bdc-af0a-1b52c8ab36f2","id":"@outputs('Update_item_2')?['body/ID']","item/Title":"@outputs('Start_and_wait_for_an_approval_2')?['body/title']","item/FullName":"@outputs('Update_item_2')?['body/FullName']","item/From":"@outputs('Update_item_2')?['body/From']","item/To":"@outputs('Update_item_2')?['body/To']","item/LeaveReason":"@outputs('Update_item_2')?['body/LeaveReason']","item/Status/Value":"Approved","item/Remark":"@items('Apply_to_each_5')?['comments']"},"authentication":"@parameters('$authentication')"}}},"runAfter":{},"type":"Foreach"}},"runAfter":{},"type":"Foreach"}}}},"default":{"actions":{"Apply_to_each_3":{"foreach":"@outputs('Start_and_wait_for_an_approval')?['body/responses']","actions":{"Update_item_3":{"runAfter":{},"type":"OpenApiConnection","inputs":{"host":{"apiId":"/providers/Microsoft.PowerApps/apis/shared_sharepointonline","connectionName":"shared_sharepointonline","operationId":"PatchItem"},"parameters":{"dataset":"https://azatechcoin.sharepoint.com/sites/LeaveTrackingAutomation","table":"a9d64a3c-17b4-4bdc-af0a-1b52c8ab36f2","id":"@outputs('Update_item_2')?['body/ID']","item/Title":"@outputs('Update_item_2')?['body/Title']","item/FullName":"@outputs('Update_item_2')?['body/FullName']","item/From":"@outputs('Update_item_2')?['body/From']","item/To":"@outputs('Update_item_2')?['body/To']","item/LeaveReason":"@outputs('Update_item_2')?['body/LeaveReason']","item/Status/Value":"Rejected","item/Remark":"@items('Apply_to_each_3')?['comments']"},"authentication":"@parameters('$authentication')"}}},"runAfter":{},"type":"Foreach"}}},"expression":"@outputs('Start_and_wait_for_an_approval')?['body/outcome']","type":"Switch"},"Start_and_wait_for_an_approval_2":{"runAfter":{"Update_item_2":["Succeeded"]},"type":"OpenApiConnectionWebhook","inputs":{"host":{"apiId":"/providers/Microsoft.PowerApps/apis/shared_approvals","connectionName":"shared_approvals","operationId":"StartAndWaitForAnApproval"},"parameters":{"approvalType":"BasicAwaitAll","WebhookApprovalCreationInput/title":"Needs to approve the employee leave","WebhookApprovalCreationInput/assignedTo":"@{outputs('Update_item_2')?['body/HeadGroup/Email']};","WebhookApprovalCreationInput/details":"Hello @{outputs('Update_item_2')?['body/HeadGroup/DisplayName']}\n\nKindly provide the consent on the employee leave either approve or reject it. \n\nEmployee details are:\nEmployee Id & Name : @{concat(triggerOutputs()?['body/Title'], triggerOutputs()?['body/FullName'])} \nLeave from  @{triggerOutputs()?['body/From']}  to  @{triggerOutputs()?['body/To']}\nLeave type:  @{triggerOutputs()?['body/Leavetype/Value']}\nLeave Reason:  @{triggerOutputs()?['body/LeaveReason']}\nCurrent status:  @{outputs('Update_item_2')?['body/Status/Value']}\n\n\nThanks & Regards\nHR Team","WebhookApprovalCreationInput/enableNotifications":true,"WebhookApprovalCreationInput/enableReassignment":true},"authentication":"@parameters('$authentication')"}}},"runAfter":{},"type":"Foreach"}}}},"default":{"actions":{"Apply_to_each":{"foreach":"@outputs('Start_and_wait_for_an_approval')?['body/responses']","actions":{"Update_item":{"runAfter":{},"type":"OpenApiConnection","inputs":{"host":{"apiId":"/providers/Microsoft.PowerApps/apis/shared_sharepointonline","connectionName":"shared_sharepointonline","operationId":"PatchItem"},"parameters":{"dataset":"https://azatechcoin.sharepoint.com/sites/LeaveTrackingAutomation","table":"a9d64a3c-17b4-4bdc-af0a-1b52c8ab36f2","id":"@triggerOutputs()?['body/ID']","item/Title":"@outputs('Start_and_wait_for_an_approval')?['body/title']","item/FullName":"@triggerOutputs()?['body/FullName']","item/From":"@triggerOutputs()?['body/From']","item/To":"@triggerOutputs()?['body/To']","item/LeaveReason":"@triggerOutputs()?['body/LeaveReason']","item/Status/Value":"Rejected","item/Remark":"@items('Apply_to_each')?['comments']"},"authentication":"@parameters('$authentication')"}}},"runAfter":{},"type":"Foreach"}}},"expression":"@outputs('Start_and_wait_for_an_approval')?['body/outcome']","metadata":{"operationMetadataId":"5e249208-19b0-4422-8577-add166b1bdbc"},"type":"Switch"}}},"connectionReferences":{"shared_approvals":{"connectionName":"shared-approvals-499f9d52-89ba-4615-b772-ceb48970d435","source":"Embedded","id":"/providers/Microsoft.PowerApps/apis/shared_approvals","tier":"NotSpecified"},"shared_sharepointonline":{"connectionName":"shared-sharepointonl-2f2a6c97-63b2-4ba2-a70c-d21ca055ebcc","source":"Embedded","id":"/providers/Microsoft.PowerApps/apis/shared_sharepointonline","tier":"NotSpecified"}},"flowFailureAlertSubscribed":false,"isManaged":false}}